РќР°РёРјРµРЅРѕРІР°РЅРёРµ СѓСЃР»СѓРіРё; Р“Р»Р°РІРЅРѕРµ РёР·РѕР±СЂР°Р¶РµРЅРёРµ; Р”Р»РёС‚РµР»СЊРЅРѕСЃС‚СЊ; РЎС‚РѕРёРјРѕСЃС‚СЊ; Р”РµР№СЃС‚РІСѓСЋС‰Р°СЏ СЃРєРёРґРєР°
Р—Р°РЅСЏС‚РёРµ СЃ СЂРµРїРµС‚РёС‚РѕСЂРѕРј-РЅРѕСЃРёС‚РµР»РµРј РєРёС‚Р°Р№СЃРєРѕРіРѕ СЏР·С‹РєР°; РЈСЃР»СѓРіРё С€РєРѕР»С‹\РљРёС‚Р°Р№СЃРєРёР№ СЏР·С‹Рє.jpg; 120 РјРёРЅ.; 1950 СЂСѓР±.; РЅРµС‚
РРЅРґРёРІРёРґСѓР°Р»СЊРЅС‹Р№ СѓСЂРѕРє РЅРµРјРµС†РєРѕРіРѕ СЏР·С‹РєР° СЃ РїСЂРµРїРѕРґР°РІР°С‚РµР»РµРј-РЅРѕСЃРёС‚РµР»РµРј СЏР·С‹РєР°; РЈСЃР»СѓРіРё С€РєРѕР»С‹\РќРµРјРµС†РєРёР№ СЏР·С‹Рє.png; 110 РјРёРЅ.;1340; РЅРµС‚
РљРёРЅРѕРєР»СѓР± РєРёС‚Р°Р№СЃРєРѕРіРѕ СЏР·С‹РєР° РґР»СЏ СЃС‚СѓРґРµРЅС‚РѕРІ; РЈСЃР»СѓРіРё С€РєРѕР»С‹\РєРёРЅРѕРєР»СѓР±.jpg; 100 РјРёРЅ.; 1990 СЂСѓР±Р»РµР№; РЅРµС‚
РРЅРґРёРІРёРґСѓР°Р»СЊРЅС‹Р№ РѕРЅР»Р°Р№РЅ-СѓСЂРѕРє СЏРїРѕРЅСЃРєРѕРіРѕ СЏР·С‹РєР° РїРѕ Skype; РЈСЃР»СѓРіРё С€РєРѕР»С‹\online lessons.jpg; 4800 СЃРµРє.; 1000 СЂСѓР±Р»РµР№;20%
РљРёРЅРѕРєР»СѓР± РёСЃРїР°РЅСЃРєРѕРіРѕ СЏР·С‹РєР° РґР»СЏ СЃС‚СѓРґРµРЅС‚РѕРІ; РЈСЃР»СѓРіРё С€РєРѕР»С‹\РєРёРЅРѕРєР»СѓР±.jpg; 40 РјРёРЅ.; 1050 СЂСѓР±Р»РµР№;10%
Р—Р°РЅСЏС‚РёРµ СЃ СЂСѓСЃСЃРєРѕСЏР·С‹С‡РЅС‹Рј СЂРµРїРµС‚РёС‚РѕСЂРѕРј РёСЃРїР°РЅСЃРєРѕРіРѕ СЏР·С‹РєР°; РЈСЃР»СѓРіРё С€РєРѕР»С‹\РСЃРїР°РЅСЃРєРёР№ СЏР·С‹Рє.jpg; 50 РјРёРЅ.; 1450 СЂСѓР±.;15%
РЈСЂРѕРє РІ РіСЂСѓРїРїРµ РёС‚Р°Р»СЊСЏРЅСЃРєРѕРіРѕ СЏР·С‹РєР° РґР»СЏ РІР·СЂРѕСЃР»С‹С…; РЈСЃР»СѓРіРё С€РєРѕР»С‹\РС‚Р°Р»СЊСЏРЅСЃРєРёР№ СЏР·С‹Рє.jpg; 40 РјРёРЅ.; 1290 СЂСѓР±.; РЅРµС‚
РРЅС‚РµРЅСЃРёРІРЅС‹Р№ РѕРЅР»Р°Р№РЅ-РєСѓСЂСЃ С„СЂР°РЅС†СѓР·СЃРєРѕРіРѕ СЏР·С‹РєР° РґР»СЏ РєРѕРјРїР°РЅРёР№ РїРѕ Skype; РЈСЃР»СѓРіРё С€РєРѕР»С‹\online lessons.jpg; 2400 СЃРµРє.; 1180в‚Ѕ;10%
РРЅРґРёРІРёРґСѓР°Р»СЊРЅС‹Р№ СѓСЂРѕРє С„СЂР°РЅС†СѓР·СЃРєРѕРіРѕ СЏР·С‹РєР° СЃ РїСЂРµРїРѕРґР°РІР°С‚РµР»РµРј-РЅРѕСЃРёС‚РµР»РµРј СЏР·С‹РєР°; РЈСЃР»СѓРіРё С€РєРѕР»С‹\Р¤СЂР°РЅС†СѓР·СЃРєРёР№ СЏР·С‹Рє.jpg; 2400 СЃРµРє.; 1410в‚Ѕ;20%
РЈСЂРѕРє РІ РіСЂСѓРїРїРµ С„СЂР°РЅС†СѓР·СЃРєРѕРіРѕ СЏР·С‹РєР° РґР»СЏ С€РєРѕР»СЊРЅРёРєРѕРІ; РЈСЃР»СѓРіРё С€РєРѕР»С‹\Р¤СЂР°РЅС†СѓР·СЃРєРёР№ СЏР·С‹Рє.jpg; 6000 СЃРµРє.; 1970 СЂСѓР±Р»РµР№; РЅРµС‚
Р—Р°РЅСЏС‚РёРµ СЃ СЂРµРїРµС‚РёС‚РѕСЂРѕРј-РЅРѕСЃРёС‚РµР»РµРј Р°РЅРіР»РёР№СЃРєРѕРіРѕ СЏР·С‹РєР°; РЈСЃР»СѓРіРё С€РєРѕР»С‹\РђРЅРіР»РёР№СЃРєРёР№ СЏР·С‹Рє.jpg; 6600 СЃРµРє.; 910 СЂСѓР±Р»РµР№; РЅРµС‚
РљРёРЅРѕРєР»СѓР± С„СЂР°РЅС†СѓР·СЃРєРѕРіРѕ СЏР·С‹РєР° РґР»СЏ РІР·СЂРѕСЃР»С‹С…; РЈСЃР»СѓРіРё С€РєРѕР»С‹\РєРёРЅРѕРєР»СѓР±.jpg; 5400 СЃРµРє.; 1770 СЂСѓР±.;10%
РљРёРЅРѕРєР»СѓР± РЅРµРјРµС†РєРѕРіРѕ СЏР·С‹РєР° РґР»СЏ РІР·СЂРѕСЃР»С‹С…; РЈСЃР»СѓРіРё С€РєРѕР»С‹\РєРёРЅРѕРєР»СѓР±.jpg; 100 РјРёРЅ.;1560;10%
РЈСЂРѕРє РІ РіСЂСѓРїРїРµ СЏРїРѕРЅСЃРєРѕРіРѕ СЏР·С‹РєР° РґР»СЏ С€РєРѕР»СЊРЅРёРєРѕРІ; РЈСЃР»СѓРіРё С€РєРѕР»С‹\РЇРїРѕРЅСЃРєРёР№ СЏР·С‹Рє.jpg; 80 РјРёРЅ.; 1300 СЂСѓР±Р»РµР№;5%
РРЅРґРёРІРёРґСѓР°Р»СЊРЅС‹Р№ СѓСЂРѕРє РёСЃРїР°РЅСЃРєРѕРіРѕ СЏР·С‹РєР° СЃ СЂСѓСЃСЃРєРѕСЏР·С‹С‡РЅС‹Рј РїСЂРµРїРѕРґР°РІР°С‚РµР»РµРј; РЈСЃР»СѓРіРё С€РєРѕР»С‹\РСЃРїР°РЅСЃРєРёР№ СЏР·С‹Рє.jpg; 60 РјРёРЅ.; 1790в‚Ѕ;15%
РРЅС‚РµРЅСЃРёРІРЅС‹Р№ РѕРЅР»Р°Р№РЅ-РєСѓСЂСЃ РёС‚Р°Р»СЊСЏРЅСЃРєРѕРіРѕ СЏР·С‹РєР° РґР»СЏ РєРѕРјРїР°РЅРёР№ РїРѕ Skype; РЈСЃР»СѓРіРё С€РєРѕР»С‹\online lessons.jpg; 4200 СЃРµРє.; 1230 СЂСѓР±.;10%
РЈСЂРѕРє РІ РіСЂСѓРїРїРµ СЏРїРѕРЅСЃРєРѕРіРѕ СЏР·С‹РєР° РґР»СЏ СЃС‚СѓРґРµРЅС‚РѕРІ; РЈСЃР»СѓРіРё С€РєРѕР»С‹\РЇРїРѕРЅСЃРєРёР№ СЏР·С‹Рє.jpg; 3000 СЃРµРє.; 1860 СЂСѓР±Р»РµР№; РЅРµС‚
РРЅС‚РµРЅСЃРёРІРЅС‹Р№ РєСѓСЂСЃ СЃ РїСЂРµРїРѕРґР°РІР°С‚РµР»РµРј-РЅРѕСЃРёС‚РµР»РµРј Р°РЅРіР»РёР№СЃРєРѕРіРѕ СЏР·С‹РєР° РґР»СЏ РєРѕРјРїР°РЅРёР№; РЈСЃР»СѓРіРё С€РєРѕР»С‹\for company.jpg; 110 РјРёРЅ.; 1670 СЂСѓР±Р»РµР№;10%
РљРёРЅРѕРєР»СѓР± РёС‚Р°Р»СЊСЏРЅСЃРєРѕРіРѕ СЏР·С‹РєР° РґР»СЏ СЃС‚СѓРґРµРЅС‚РѕРІ; РЈСЃР»СѓРіРё С€РєРѕР»С‹\РєРёРЅРѕРєР»СѓР±.jpg; 30 РјРёРЅ.; 1760в‚Ѕ; РЅРµС‚
РЈСЂРѕРє РІ РіСЂСѓРїРїРµ РёСЃРїР°РЅСЃРєРѕРіРѕ СЏР·С‹РєР° РґР»СЏ РІР·СЂРѕСЃР»С‹С…; РЈСЃР»СѓРіРё С€РєРѕР»С‹\РСЃРїР°РЅСЃРєРёР№ СЏР·С‹Рє.jpg; 1800 СЃРµРє.; 1730 СЂСѓР±Р»РµР№;5%
РЈСЂРѕРє РІ РіСЂСѓРїРїРµ РёСЃРїР°РЅСЃРєРѕРіРѕ СЏР·С‹РєР° РґР»СЏ СЃС‚СѓРґРµРЅС‚РѕРІ; РЈСЃР»СѓРіРё С€РєРѕР»С‹\РСЃРїР°РЅСЃРєРёР№ СЏР·С‹Рє.jpg; 100 РјРёРЅ.; 1310в‚Ѕ;20%
РРЅС‚РµРЅСЃРёРІРЅС‹Р№ РѕРЅР»Р°Р№РЅ-РєСѓСЂСЃ РёСЃРїР°РЅСЃРєРѕРіРѕ СЏР·С‹РєР° РґР»СЏ РєРѕРјРїР°РЅРёР№ РїРѕ Skype; РЈСЃР»СѓРіРё С€РєРѕР»С‹\online lessons.jpg; 120 РјРёРЅ.; 1510в‚Ѕ; РЅРµС‚
РЈСЂРѕРє РІ РіСЂСѓРїРїРµ Р°РЅРіР»РёР№СЃРєРѕРіРѕ СЏР·С‹РєР° РґР»СЏ С€РєРѕР»СЊРЅРёРєРѕРІ; РЈСЃР»СѓРіРё С€РєРѕР»С‹\РђРЅРіР»РёР№СЃРєРёР№ СЏР·С‹Рє.jpg; 6600 СЃРµРє.;900; РЅРµС‚
Р—Р°РЅСЏС‚РёРµ СЃ СЂРµРїРµС‚РёС‚РѕСЂРѕРј-РЅРѕСЃРёС‚РµР»РµРј РёСЃРїР°РЅСЃРєРѕРіРѕ СЏР·С‹РєР°; РЈСЃР»СѓРіРё С€РєРѕР»С‹\РСЃРїР°РЅСЃРєРёР№ СЏР·С‹Рє.jpg; 3000 СЃРµРє.;1090;5%
РРЅС‚РµРЅСЃРёРІРЅС‹Р№ РєСѓСЂСЃ СЃ РїСЂРµРїРѕРґР°РІР°С‚РµР»РµРј-РЅРѕСЃРёС‚РµР»РµРј РёС‚Р°Р»СЊСЏРЅСЃРєРѕРіРѕ СЏР·С‹РєР° РґР»СЏ РєРѕРјРїР°РЅРёР№; РЈСЃР»СѓРіРё С€РєРѕР»С‹\for company.jpg; 2400 СЃРµРє.;1190;20%
РЈСЂРѕРє РІ РіСЂСѓРїРїРµ РєРёС‚Р°Р№СЃРєРѕРіРѕ СЏР·С‹РєР° РґР»СЏ СЃС‚СѓРґРµРЅС‚РѕРІ; РЈСЃР»СѓРіРё С€РєРѕР»С‹\РљРёС‚Р°Р№СЃРєРёР№ СЏР·С‹Рє.jpg; 2400 СЃРµРє.; 2000 СЂСѓР±.;20%
РРЅРґРёРІРёРґСѓР°Р»СЊРЅС‹Р№ СѓСЂРѕРє РёСЃРїР°РЅСЃРєРѕРіРѕ СЏР·С‹РєР° СЃ РїСЂРµРїРѕРґР°РІР°С‚РµР»РµРј-РЅРѕСЃРёС‚РµР»РµРј СЏР·С‹РєР°; РЈСЃР»СѓРіРё С€РєРѕР»С‹\РСЃРїР°РЅСЃРєРёР№ СЏР·С‹Рє.jpg; 90 РјРёРЅ.; 1200в‚Ѕ;10%
РРЅС‚РµРЅСЃРёРІРЅС‹Р№ РѕРЅР»Р°Р№РЅ-РєСѓСЂСЃ РїРѕСЂС‚СѓРіР°Р»СЊСЃРєРѕРіРѕ СЏР·С‹РєР° РґР»СЏ РєРѕРјРїР°РЅРёР№ РїРѕ Skype; РЈСЃР»СѓРіРё С€РєРѕР»С‹\online lessons.jpg; 70 РјРёРЅ.; 1610 СЂСѓР±Р»РµР№;5%
РџРѕРґРіРѕС‚РѕРІРєР° Рє СЌРєР·Р°РјРµРЅСѓ ACT; РЈСЃР»СѓРіРё С€РєРѕР»С‹\РџРѕРґРіРѕС‚РѕРІРєР° Рє СЌРєР·Р°РјРµРЅСѓ ACT.png; 50 РјРёРЅ.; 1440 СЂСѓР±.; РЅРµС‚
РЈСЂРѕРє РІ РіСЂСѓРїРїРµ РєРёС‚Р°Р№СЃРєРѕРіРѕ СЏР·С‹РєР° РґР»СЏ РІР·СЂРѕСЃР»С‹С…; РЈСЃР»СѓРіРё С€РєРѕР»С‹\РљРёС‚Р°Р№СЃРєРёР№ СЏР·С‹Рє.jpg; 4200 СЃРµРє.; 1730в‚Ѕ;25%
РРЅС‚РµРЅСЃРёРІРЅС‹Р№ РѕРЅР»Р°Р№РЅ-РєСѓСЂСЃ Р°РЅРіР»РёР№СЃРєРѕРіРѕ СЏР·С‹РєР° РґР»СЏ РєРѕРјРїР°РЅРёР№ РїРѕ Skype; РЈСЃР»СѓРіРё С€РєРѕР»С‹\online lessons.jpg; 3000 СЃРµРє.; 1160в‚Ѕ; РЅРµС‚
РџРѕРґРіРѕС‚РѕРІРєР° Рє СЌРєР·Р°РјРµРЅСѓ TOEFL; РЈСЃР»СѓРіРё С€РєРѕР»С‹\РџРѕРґРіРѕС‚РѕРІРєР° Рє СЌРєР·Р°РјРµРЅСѓ TOEFL.jpg; 6000 СЃРµРє.; 1070в‚Ѕ;5%
Р—Р°РЅСЏС‚РёРµ СЃ СЂРµРїРµС‚РёС‚РѕСЂРѕРј-РЅРѕСЃРёС‚РµР»РµРј РёС‚Р°Р»СЊСЏРЅСЃРєРѕРіРѕ СЏР·С‹РєР°; РЈСЃР»СѓРіРё С€РєРѕР»С‹\РС‚Р°Р»СЊСЏРЅСЃРєРёР№ СЏР·С‹Рє.jpg; 7200 СЃРµРє.; 1370в‚Ѕ;5%
РЈСЂРѕРє РІ РіСЂСѓРїРїРµ Р°РЅРіР»РёР№СЃРєРѕРіРѕ СЏР·С‹РєР° РґР»СЏ РІР·СЂРѕСЃР»С‹С…; РЈСЃР»СѓРіРё С€РєРѕР»С‹\РђРЅРіР»РёР№СЃРєРёР№ СЏР·С‹Рє.jpg; 3000 СЃРµРє.;1010;25%
РљРёРЅРѕРєР»СѓР± Р°РЅРіР»РёР№СЃРєРѕРіРѕ СЏР·С‹РєР° РґР»СЏ РІР·СЂРѕСЃР»С‹С…; РЈСЃР»СѓРіРё С€РєРѕР»С‹\РєРёРЅРѕРєР»СѓР±.jpg; 70 РјРёРЅ.; 1250в‚Ѕ;5%
РРЅС‚РµРЅСЃРёРІРЅС‹Р№ РєСѓСЂСЃ СЃ РїСЂРµРїРѕРґР°РІР°С‚РµР»РµРј-РЅРѕСЃРёС‚РµР»РµРј С„СЂР°РЅС†СѓР·СЃРєРѕРіРѕ СЏР·С‹РєР° РґР»СЏ РєРѕРјРїР°РЅРёР№; РЈСЃР»СѓРіРё С€РєРѕР»С‹\for company.jpg; 70 РјРёРЅ.; 1630в‚Ѕ;15%
РЈСЂРѕРє РІ РіСЂСѓРїРїРµ РёСЃРїР°РЅСЃРєРѕРіРѕ СЏР·С‹РєР° РґР»СЏ С€РєРѕР»СЊРЅРёРєРѕРІ; РЈСЃР»СѓРіРё С€РєРѕР»С‹\РСЃРїР°РЅСЃРєРёР№ СЏР·С‹Рє.jpg; 7200 СЃРµРє.; 1910в‚Ѕ; РЅРµС‚
РџРѕРґРіРѕС‚РѕРІРєР° Рє СЌРєР·Р°РјРµРЅСѓ GRE; РЈСЃР»СѓРіРё С€РєРѕР»С‹\РџРѕРґРіРѕС‚РѕРІРєР° Рє СЌРєР·Р°РјРµРЅСѓ GRE.jpeg; 80 РјРёРЅ.; 1300в‚Ѕ;20%
РЈСЂРѕРє РІ РіСЂСѓРїРїРµ Р°РЅРіР»РёР№СЃРєРѕРіРѕ СЏР·С‹РєР° РґР»СЏ СЃС‚СѓРґРµРЅС‚РѕРІ; РЈСЃР»СѓРіРё С€РєРѕР»С‹\РђРЅРіР»РёР№СЃРєРёР№ СЏР·С‹Рє.jpg; 4800 СЃРµРє.; 960в‚Ѕ;25%
Р—Р°РЅСЏС‚РёРµ СЃ СЂСѓСЃСЃРєРѕСЏР·С‹С‡РЅС‹Рј СЂРµРїРµС‚РёС‚РѕСЂРѕРј СЏРїРѕРЅСЃРєРѕРіРѕ СЏР·С‹РєР°; РЈСЃР»СѓРіРё С€РєРѕР»С‹\РЇРїРѕРЅСЃРєРёР№ СЏР·С‹Рє.jpg; 2400 СЃРµРє.; 1260в‚Ѕ;10%
РРЅРґРёРІРёРґСѓР°Р»СЊРЅС‹Р№ РѕРЅР»Р°Р№РЅ-СѓСЂРѕРє РЅРµРјРµС†РєРѕРіРѕ СЏР·С‹РєР° РїРѕ Skype; РЈСЃР»СѓРіРё С€РєРѕР»С‹\online lessons.jpg; 90 РјРёРЅ.;970; РЅРµС‚
РРЅС‚РµРЅСЃРёРІРЅС‹Р№ РєСѓСЂСЃ СЏРїРѕРЅСЃРєРѕРіРѕ СЏР·С‹РєР° СЃ СЂСѓСЃСЃРєРѕСЏР·С‹С‡РЅС‹Рј РїСЂРµРїРѕРґР°РІР°С‚РµР»РµРј РґР»СЏ РєРѕРјРїР°РЅРёР№; РЈСЃР»СѓРіРё С€РєРѕР»С‹\for company.jpg; 80 РјРёРЅ.;1500; РЅРµС‚
РљРёРЅРѕРєР»СѓР± РєРёС‚Р°Р№СЃРєРѕРіРѕ СЏР·С‹РєР° РґР»СЏ РІР·СЂРѕСЃР»С‹С…; РЈСЃР»СѓРіРё С€РєРѕР»С‹\РєРёРЅРѕРєР»СѓР±.jpg; 70 РјРёРЅ.; 1800в‚Ѕ;25%
РРЅРґРёРІРёРґСѓР°Р»СЊРЅС‹Р№ СѓСЂРѕРє РєРёС‚Р°Р№СЃРєРѕРіРѕ СЏР·С‹РєР° СЃ СЂСѓСЃСЃРєРѕСЏР·С‹С‡РЅС‹Рј РїСЂРµРїРѕРґР°РІР°С‚РµР»РµРј; РЈСЃР»СѓРіРё С€РєРѕР»С‹\РљРёС‚Р°Р№СЃРєРёР№ СЏР·С‹Рє.jpg; 120 РјРёРЅ.; 1860в‚Ѕ;10%
РџРѕРґРіРѕС‚РѕРІРєР° Рє СЌРєР·Р°РјРµРЅСѓ GMAT; РЈСЃР»СѓРіРё С€РєРѕР»С‹\РџРѕРґРіРѕС‚РѕРІРєР° Рє СЌРєР·Р°РјРµРЅСѓ GMAT.png; 70 РјРёРЅ.; 1150 СЂСѓР±Р»РµР№;5%
РџРѕРґРіРѕС‚РѕРІРєР° Рє СЌРєР·Р°РјРµРЅСѓ IELTS; РЈСЃР»СѓРіРё С€РєРѕР»С‹\РџРѕРґРіРѕС‚РѕРІРєР° Рє СЌРєР·Р°РјРµРЅСѓ IELTS.jpg; 7200 СЃРµРє.; 1730 СЂСѓР±.; РЅРµС‚
РџРѕРґРіРѕС‚РѕРІРєР° Рє СЌРєР·Р°РјРµРЅСѓ SAT; РЈСЃР»СѓРіРё С€РєРѕР»С‹\РџРѕРґРіРѕС‚РѕРІРєР° Рє СЌРєР·Р°РјРµРЅСѓ SAT.png; 40 РјРёРЅ.; 1560в‚Ѕ; РЅРµС‚
РЈСЂРѕРє РІ РіСЂСѓРїРїРµ РєРёС‚Р°Р№СЃРєРѕРіРѕ СЏР·С‹РєР° РґР»СЏ С€РєРѕР»СЊРЅРёРєРѕРІ; РЈСЃР»СѓРіРё С€РєРѕР»С‹\РљРёС‚Р°Р№СЃРєРёР№ СЏР·С‹Рє.jpg; 3000 СЃРµРє.; 1180в‚Ѕ;15%
РљРёРЅРѕРєР»СѓР± Р°РЅРіР»РёР№СЃРєРѕРіРѕ СЏР·С‹РєР° РґР»СЏ СЃС‚СѓРґРµРЅС‚РѕРІ; РЈСЃР»СѓРіРё С€РєРѕР»С‹\РєРёРЅРѕРєР»СѓР±.jpg; 4800 СЃРµРє.; 980 СЂСѓР±.; РЅРµС‚
РљРёРЅРѕРєР»СѓР± РїРѕСЂС‚СѓРіР°Р»СЊСЃРєРѕРіРѕ СЏР·С‹РєР° РґР»СЏ СЃС‚СѓРґРµРЅС‚РѕРІ; РЈСЃР»СѓРіРё С€РєРѕР»С‹\РєРёРЅРѕРєР»СѓР±.jpg; 1800 СЃРµРє.; 1170в‚Ѕ;15%
РљРёРЅРѕРєР»СѓР± РєРёС‚Р°Р№СЃРєРѕРіРѕ СЏР·С‹РєР° РґР»СЏ РґРµС‚РµР№; РЈСЃР»СѓРіРё С€РєРѕР»С‹\РєРёРЅРѕРєР»СѓР±.jpg; 100 РјРёРЅ.;1120;10%
РЈСЂРѕРє РІ РіСЂСѓРїРїРµ РЅРµРјРµС†РєРѕРіРѕ СЏР·С‹РєР° РґР»СЏ С€РєРѕР»СЊРЅРёРєРѕРІ; РЈСЃР»СѓРіРё С€РєРѕР»С‹\РќРµРјРµС†РєРёР№ СЏР·С‹Рє.png; 1800 СЃРµРє.;1570;15%
РРЅРґРёРІРёРґСѓР°Р»СЊРЅС‹Р№ РѕРЅР»Р°Р№РЅ-СѓСЂРѕРє РёСЃРїР°РЅСЃРєРѕРіРѕ СЏР·С‹РєР° РїРѕ Skype; РЈСЃР»СѓРіРё С€РєРѕР»С‹\online lessons.jpg; 4200 СЃРµРє.; 1780 СЂСѓР±.;5%
РЈСЂРѕРє РІ РіСЂСѓРїРїРµ РЅРµРјРµС†РєРѕРіРѕ СЏР·С‹РєР° РґР»СЏ РІР·СЂРѕСЃР»С‹С…; РЈСЃР»СѓРіРё С€РєРѕР»С‹\РќРµРјРµС†РєРёР№ СЏР·С‹Рє.png; 60 РјРёРЅ.; 930в‚Ѕ;5%
РРЅРґРёРІРёРґСѓР°Р»СЊРЅС‹Р№ СѓСЂРѕРє РєРёС‚Р°Р№СЃРєРѕРіРѕ СЏР·С‹РєР° СЃ РїСЂРµРїРѕРґР°РІР°С‚РµР»РµРј-РЅРѕСЃРёС‚РµР»РµРј СЏР·С‹РєР°; РЈСЃР»СѓРіРё С€РєРѕР»С‹\РљРёС‚Р°Р№СЃРєРёР№ СЏР·С‹Рє.jpg; 90 РјРёРЅ.; 1480 СЂСѓР±.;20%
Р—Р°РЅСЏС‚РёРµ СЃ СЂСѓСЃСЃРєРѕСЏР·С‹С‡РЅС‹Рј СЂРµРїРµС‚РёС‚РѕСЂРѕРј РїРѕСЂС‚СѓРіР°Р»СЊСЃРєРѕРіРѕ СЏР·С‹РєР°; РЈСЃР»СѓРіРё С€РєРѕР»С‹\РџРѕСЂС‚СѓРіР°Р»СЊСЃРєРёР№ СЏР·С‹Рє.jpg; 3000 СЃРµРє.; 1970в‚Ѕ;10%
РРЅС‚РµРЅСЃРёРІРЅС‹Р№ РєСѓСЂСЃ РєРёС‚Р°Р№СЃРєРѕРіРѕ СЏР·С‹РєР° СЃ СЂСѓСЃСЃРєРѕСЏР·С‹С‡РЅС‹Рј РїСЂРµРїРѕРґР°РІР°С‚РµР»РµРј РґР»СЏ РєРѕРјРїР°РЅРёР№; РЈСЃР»СѓРіРё С€РєРѕР»С‹\for company.jpg; 6600 СЃРµРє.; 1470 СЂСѓР±Р»РµР№; РЅРµС‚
Р—Р°РЅСЏС‚РёРµ СЃ СЂСѓСЃСЃРєРѕСЏР·С‹С‡РЅС‹Рј СЂРµРїРµС‚РёС‚РѕСЂРѕРј РЅРµРјРµС†РєРѕРіРѕ СЏР·С‹РєР°; РЈСЃР»СѓРіРё С€РєРѕР»С‹\РќРµРјРµС†РєРёР№ СЏР·С‹Рє.png; 1800 СЃРµРє.; 1420 СЂСѓР±.; РЅРµС‚
РљРёРЅРѕРєР»СѓР± Р°РЅРіР»РёР№СЃРєРѕРіРѕ СЏР·С‹РєР° РґР»СЏ РґРµС‚РµР№; РЈСЃР»СѓРіРё С€РєРѕР»С‹\РєРёРЅРѕРєР»СѓР±.jpg; 2400 СЃРµРє.;1280;5%
Р—Р°РЅСЏС‚РёРµ СЃ СЂРµРїРµС‚РёС‚РѕСЂРѕРј-РЅРѕСЃРёС‚РµР»РµРј РЅРµРјРµС†РєРѕРіРѕ СЏР·С‹РєР°; РЈСЃР»СѓРіРё С€РєРѕР»С‹\РќРµРјРµС†РєРёР№ СЏР·С‹Рє.png; 7200 СЃРµРє.; 1120 СЂСѓР±Р»РµР№; РЅРµС‚
РРЅРґРёРІРёРґСѓР°Р»СЊРЅС‹Р№ РѕРЅР»Р°Р№РЅ-СѓСЂРѕРє РєРёС‚Р°Р№СЃРєРѕРіРѕ СЏР·С‹РєР° РїРѕ Skype; РЈСЃР»СѓРіРё С€РєРѕР»С‹\online lessons.jpg; 4200 СЃРµРє.; 1410в‚Ѕ; РЅРµС‚
РРЅРґРёРІРёРґСѓР°Р»СЊРЅС‹Р№ СѓСЂРѕРє Р°РЅРіР»РёР№СЃРєРѕРіРѕ СЏР·С‹РєР° СЃ РїСЂРµРїРѕРґР°РІР°С‚РµР»РµРј-РЅРѕСЃРёС‚РµР»РµРј СЏР·С‹РєР°; РЈСЃР»СѓРіРё С€РєРѕР»С‹\РђРЅРіР»РёР№СЃРєРёР№ СЏР·С‹Рє.jpg; 7200 СЃРµРє.; 1300 СЂСѓР±Р»РµР№; РЅРµС‚
РРЅС‚РµРЅСЃРёРІРЅС‹Р№ РєСѓСЂСЃ СЃ РїСЂРµРїРѕРґР°РІР°С‚РµР»РµРј-РЅРѕСЃРёС‚РµР»РµРј РЅРµРјРµС†РєРѕРіРѕ СЏР·С‹РєР° РґР»СЏ РєРѕРјРїР°РЅРёР№; РЈСЃР»СѓРіРё С€РєРѕР»С‹\for company.jpg; 120 РјРёРЅ.; 1180в‚Ѕ;20%
РРЅС‚РµРЅСЃРёРІРЅС‹Р№ РѕРЅР»Р°Р№РЅ-РєСѓСЂСЃ РЅРµРјРµС†РєРѕРіРѕ СЏР·С‹РєР° РґР»СЏ РєРѕРјРїР°РЅРёР№ РїРѕ Skype; РЈСЃР»СѓРіРё С€РєРѕР»С‹\online lessons.jpg; 4200 СЃРµРє.; 1840в‚Ѕ;10%
РЈСЂРѕРє РІ РіСЂСѓРїРїРµ РёС‚Р°Р»СЊСЏРЅСЃРєРѕРіРѕ СЏР·С‹РєР° РґР»СЏ С€РєРѕР»СЊРЅРёРєРѕРІ; РЈСЃР»СѓРіРё С€РєРѕР»С‹\РС‚Р°Р»СЊСЏРЅСЃРєРёР№ СЏР·С‹Рє.jpg; 6000 СЃРµРє.; 1410в‚Ѕ;15%
РРЅРґРёРІРёРґСѓР°Р»СЊРЅС‹Р№ СѓСЂРѕРє РёС‚Р°Р»СЊСЏРЅСЃРєРѕРіРѕ СЏР·С‹РєР° СЃ СЂСѓСЃСЃРєРѕСЏР·С‹С‡РЅС‹Рј РїСЂРµРїРѕРґР°РІР°С‚РµР»РµРј; РЈСЃР»СѓРіРё С€РєРѕР»С‹\РС‚Р°Р»СЊСЏРЅСЃРєРёР№ СЏР·С‹Рє.jpg; 30 РјРёРЅ.; 1330 СЂСѓР±.;20%
РРЅС‚РµРЅСЃРёРІРЅС‹Р№ РѕРЅР»Р°Р№РЅ-РєСѓСЂСЃ РєРёС‚Р°Р№СЃРєРѕРіРѕ СЏР·С‹РєР° РґР»СЏ РєРѕРјРїР°РЅРёР№ РїРѕ Skype; РЈСЃР»СѓРіРё С€РєРѕР»С‹\online lessons.jpg; 120 РјРёРЅ.; 1760 СЂСѓР±Р»РµР№;15%
Р—Р°РЅСЏС‚РёРµ СЃ СЂСѓСЃСЃРєРѕСЏР·С‹С‡РЅС‹Рј СЂРµРїРµС‚РёС‚РѕСЂРѕРј С„СЂР°РЅС†СѓР·СЃРєРѕРіРѕ СЏР·С‹РєР°; РЈСЃР»СѓРіРё С€РєРѕР»С‹\Р¤СЂР°РЅС†СѓР·СЃРєРёР№ СЏР·С‹Рє.jpg; 6000 СЃРµРє.;1870;20%
РРЅРґРёРІРёРґСѓР°Р»СЊРЅС‹Р№ СѓСЂРѕРє РЅРµРјРµС†РєРѕРіРѕ СЏР·С‹РєР° СЃ СЂСѓСЃСЃРєРѕСЏР·С‹С‡РЅС‹Рј РїСЂРµРїРѕРґР°РІР°С‚РµР»РµРј; РЈСЃР»СѓРіРё С€РєРѕР»С‹\РќРµРјРµС†РєРёР№ СЏР·С‹Рє.png; 1800 СЃРµРє.; 990 СЂСѓР±Р»РµР№;5%
РРЅРґРёРІРёРґСѓР°Р»СЊРЅС‹Р№ РѕРЅР»Р°Р№РЅ-СѓСЂРѕРє Р°РЅРіР»РёР№СЃРєРѕРіРѕ СЏР·С‹РєР° РїРѕ Skype; РЈСЃР»СѓРіРё С€РєРѕР»С‹\online lessons.jpg; 6000 СЃРµРє.; 1880в‚Ѕ; РЅРµС‚
РРЅРґРёРІРёРґСѓР°Р»СЊРЅС‹Р№ СѓСЂРѕРє С„СЂР°РЅС†СѓР·СЃРєРѕРіРѕ СЏР·С‹РєР° СЃ СЂСѓСЃСЃРєРѕСЏР·С‹С‡РЅС‹Рј РїСЂРµРїРѕРґР°РІР°С‚РµР»РµРј; РЈСЃР»СѓРіРё С€РєРѕР»С‹\Р¤СЂР°РЅС†СѓР·СЃРєРёР№ СЏР·С‹Рє.jpg; 4200 СЃРµРє.; 1390 СЂСѓР±.; РЅРµС‚
РРЅС‚РµРЅСЃРёРІРЅС‹Р№ РєСѓСЂСЃ РїРѕСЂС‚СѓРіР°Р»СЊСЃРєРѕРіРѕ СЏР·С‹РєР° СЃ СЂСѓСЃСЃРєРѕСЏР·С‹С‡РЅС‹Рј РїСЂРµРїРѕРґР°РІР°С‚РµР»РµРј РґР»СЏ РєРѕРјРїР°РЅРёР№; РЈСЃР»СѓРіРё С€РєРѕР»С‹\for company.jpg; 60 РјРёРЅ.; 2010 СЂСѓР±Р»РµР№;25%
РРЅРґРёРІРёРґСѓР°Р»СЊРЅС‹Р№ РѕРЅР»Р°Р№РЅ-СѓСЂРѕРє С„СЂР°РЅС†СѓР·СЃРєРѕРіРѕ СЏР·С‹РєР° РїРѕ Skype; РЈСЃР»СѓРіРё С€РєРѕР»С‹\online lessons.jpg; 7200 СЃРµРє.; 2010в‚Ѕ; РЅРµС‚
РРЅС‚РµРЅСЃРёРІРЅС‹Р№ РєСѓСЂСЃ Р°РЅРіР»РёР№СЃРєРѕРіРѕ СЏР·С‹РєР° СЃ СЂСѓСЃСЃРєРѕСЏР·С‹С‡РЅС‹Рј РїСЂРµРїРѕРґР°РІР°С‚РµР»РµРј РґР»СЏ РєРѕРјРїР°РЅРёР№; РЈСЃР»СѓРіРё С€РєРѕР»С‹\for company.jpg; 4800 СЃРµРє.; 1210 СЂСѓР±.; РЅРµС‚
РЈСЂРѕРє РІ РіСЂСѓРїРїРµ С„СЂР°РЅС†СѓР·СЃРєРѕРіРѕ СЏР·С‹РєР° РґР»СЏ РІР·СЂРѕСЃР»С‹С…; РЈСЃР»СѓРіРё С€РєРѕР»С‹\Р¤СЂР°РЅС†СѓР·СЃРєРёР№ СЏР·С‹Рє.jpg; 120 РјРёРЅ.; 960 СЂСѓР±Р»РµР№;15%
РџРѕРґРіРѕС‚РѕРІРєР° Рє СЌРєР·Р°РјРµРЅСѓ IELTS Speaking Club; РЈСЃР»СѓРіРё С€РєРѕР»С‹\РџРѕРґРіРѕС‚РѕРІРєР° Рє СЌРєР·Р°РјРµРЅСѓ IELTS.jpg; 90 РјРёРЅ.; 1430 СЂСѓР±Р»РµР№;20%
РљРёРЅРѕРєР»СѓР± РёС‚Р°Р»СЊСЏРЅСЃРєРѕРіРѕ СЏР·С‹РєР° РґР»СЏ РґРµС‚РµР№; РЈСЃР»СѓРіРё С€РєРѕР»С‹\РєРёРЅРѕРєР»СѓР±.jpg; 70 РјРёРЅ.; 1480в‚Ѕ; РЅРµС‚
РЈСЂРѕРє РІ РіСЂСѓРїРїРµ РёС‚Р°Р»СЊСЏРЅСЃРєРѕРіРѕ СЏР·С‹РєР° РґР»СЏ СЃС‚СѓРґРµРЅС‚РѕРІ; РЈСЃР»СѓРіРё С€РєРѕР»С‹\РС‚Р°Р»СЊСЏРЅСЃРєРёР№ СЏР·С‹Рє.jpg; 110 РјРёРЅ.; 1020в‚Ѕ; РЅРµС‚
РРЅРґРёРІРёРґСѓР°Р»СЊРЅС‹Р№ СѓСЂРѕРє РёС‚Р°Р»СЊСЏРЅСЃРєРѕРіРѕ СЏР·С‹РєР° СЃ РїСЂРµРїРѕРґР°РІР°С‚РµР»РµРј-РЅРѕСЃРёС‚РµР»РµРј СЏР·С‹РєР°; РЈСЃР»СѓРіРё С€РєРѕР»С‹\РС‚Р°Р»СЊСЏРЅСЃРєРёР№ СЏР·С‹Рє.jpg; 80 РјРёРЅ.; 1690 СЂСѓР±Р»РµР№; РЅРµС‚
РљРёРЅРѕРєР»СѓР± РЅРµРјРµС†РєРѕРіРѕ СЏР·С‹РєР° РґР»СЏ РґРµС‚РµР№; РЈСЃР»СѓРіРё С€РєРѕР»С‹\РєРёРЅРѕРєР»СѓР±.jpg; 120 РјРёРЅ.; 1670 СЂСѓР±Р»РµР№;5%
РљРёРЅРѕРєР»СѓР± РёС‚Р°Р»СЊСЏРЅСЃРєРѕРіРѕ СЏР·С‹РєР° РґР»СЏ РІР·СЂРѕСЃР»С‹С…; РЈСЃР»СѓРіРё С€РєРѕР»С‹\РєРёРЅРѕРєР»СѓР±.jpg; 110 РјРёРЅ.; 1760 СЂСѓР±.; РЅРµС‚
РљРёРЅРѕРєР»СѓР± РїРѕСЂС‚СѓРіР°Р»СЊСЃРєРѕРіРѕ СЏР·С‹РєР° РґР»СЏ РІР·СЂРѕСЃР»С‹С…; РЈСЃР»СѓРіРё С€РєРѕР»С‹\РєРёРЅРѕРєР»СѓР±.jpg; 1800 СЃРµРє.; 950 СЂСѓР±.;5%
РљРёРЅРѕРєР»СѓР± РїРѕСЂС‚СѓРіР°Р»СЊСЃРєРѕРіРѕ СЏР·С‹РєР° РґР»СЏ РґРµС‚РµР№; РЈСЃР»СѓРіРё С€РєРѕР»С‹\РєРёРЅРѕРєР»СѓР±.jpg; 90 РјРёРЅ.;1710;15%
РљРёРЅРѕРєР»СѓР± С„СЂР°РЅС†СѓР·СЃРєРѕРіРѕ СЏР·С‹РєР° РґР»СЏ РґРµС‚РµР№; РЈСЃР»СѓРіРё С€РєРѕР»С‹\РєРёРЅРѕРєР»СѓР±.jpg; 90 РјРёРЅ.; 1600в‚Ѕ;10%
РЈСЂРѕРє РІ РіСЂСѓРїРїРµ СЏРїРѕРЅСЃРєРѕРіРѕ СЏР·С‹РєР° РґР»СЏ РІР·СЂРѕСЃР»С‹С…; РЈСЃР»СѓРіРё С€РєРѕР»С‹\РЇРїРѕРЅСЃРєРёР№ СЏР·С‹Рє.jpg; 80 РјРёРЅ.; 1420в‚Ѕ;5%
РРЅС‚РµРЅСЃРёРІРЅС‹Р№ РєСѓСЂСЃ С„СЂР°РЅС†СѓР·СЃРєРѕРіРѕ СЏР·С‹РєР° СЃ СЂСѓСЃСЃРєРѕСЏР·С‹С‡РЅС‹Рј РїСЂРµРїРѕРґР°РІР°С‚РµР»РµРј РґР»СЏ РєРѕРјРїР°РЅРёР№; РЈСЃР»СѓРіРё С€РєРѕР»С‹\for company.jpg; 40 РјРёРЅ.; 1940 СЂСѓР±Р»РµР№; РЅРµС‚
Р—Р°РЅСЏС‚РёРµ СЃ СЂСѓСЃСЃРєРѕСЏР·С‹С‡РЅС‹Рј СЂРµРїРµС‚РёС‚РѕСЂРѕРј РёС‚Р°Р»СЊСЏРЅСЃРєРѕРіРѕ СЏР·С‹РєР°; РЈСЃР»СѓРіРё С€РєРѕР»С‹\РС‚Р°Р»СЊСЏРЅСЃРєРёР№ СЏР·С‹Рє.jpg; 4200 СЃРµРє.; 1620 СЂСѓР±.;20%
РРЅРґРёРІРёРґСѓР°Р»СЊРЅС‹Р№ СѓСЂРѕРє Р°РЅРіР»РёР№СЃРєРѕРіРѕ СЏР·С‹РєР° СЃ СЂСѓСЃСЃРєРѕСЏР·С‹С‡РЅС‹Рј РїСЂРµРїРѕРґР°РІР°С‚РµР»РµРј; РЈСЃР»СѓРіРё С€РєРѕР»С‹\РђРЅРіР»РёР№СЃРєРёР№ СЏР·С‹Рє.jpg; 30 РјРёРЅ.; 1910 СЂСѓР±.;10%
РРЅС‚РµРЅСЃРёРІРЅС‹Р№ РєСѓСЂСЃ СЃ РїСЂРµРїРѕРґР°РІР°С‚РµР»РµРј-РЅРѕСЃРёС‚РµР»РµРј РїРѕСЂС‚СѓРіР°Р»СЊСЃРєРѕРіРѕ СЏР·С‹РєР° РґР»СЏ РєРѕРјРїР°РЅРёР№; РЈСЃР»СѓРіРё С€РєРѕР»С‹\for company.jpg; 30 РјРёРЅ.; 1580 СЂСѓР±Р»РµР№; РЅРµС‚
РРЅС‚РµРЅСЃРёРІРЅС‹Р№ РєСѓСЂСЃ РёСЃРїР°РЅСЃРєРѕРіРѕ СЏР·С‹РєР° СЃ СЂСѓСЃСЃРєРѕСЏР·С‹С‡РЅС‹Рј РїСЂРµРїРѕРґР°РІР°С‚РµР»РµРј РґР»СЏ РєРѕРјРїР°РЅРёР№; РЈСЃР»СѓРіРё С€РєРѕР»С‹\for company.jpg; 5400 СЃРµРє.; 1000в‚Ѕ;25%
РљРёРЅРѕРєР»СѓР± РЅРµРјРµС†РєРѕРіРѕ СЏР·С‹РєР° РґР»СЏ СЃС‚СѓРґРµРЅС‚РѕРІ; РЈСЃР»СѓРіРё С€РєРѕР»С‹\РєРёРЅРѕРєР»СѓР±.jpg; 50 РјРёРЅ.; 1140 СЂСѓР±Р»РµР№;15%
Р—Р°РЅСЏС‚РёРµ СЃ СЂРµРїРµС‚РёС‚РѕСЂРѕРј-РЅРѕСЃРёС‚РµР»РµРј С„СЂР°РЅС†СѓР·СЃРєРѕРіРѕ СЏР·С‹РєР°; РЈСЃР»СѓРіРё С€РєРѕР»С‹\Р¤СЂР°РЅС†СѓР·СЃРєРёР№ СЏР·С‹Рє.jpg; 50 РјРёРЅ.; 2040 СЂСѓР±Р»РµР№; РЅРµС‚
РЈСЂРѕРє РІ РіСЂСѓРїРїРµ РЅРµРјРµС†РєРѕРіРѕ СЏР·С‹РєР° РґР»СЏ СЃС‚СѓРґРµРЅС‚РѕРІ; РЈСЃР»СѓРіРё С€РєРѕР»С‹\РќРµРјРµС†РєРёР№ СЏР·С‹Рє.png; 4200 СЃРµРє.;1240; РЅРµС‚
Р—Р°РЅСЏС‚РёРµ СЃ СЂСѓСЃСЃРєРѕСЏР·С‹С‡РЅС‹Рј СЂРµРїРµС‚РёС‚РѕСЂРѕРј РєРёС‚Р°Р№СЃРєРѕРіРѕ СЏР·С‹РєР°; РЈСЃР»СѓРіРё С€РєРѕР»С‹\РљРёС‚Р°Р№СЃРєРёР№ СЏР·С‹Рє.jpg; 6600 СЃРµРє.;940;15%
Р—Р°РЅСЏС‚РёРµ СЃ СЂРµРїРµС‚РёС‚РѕСЂРѕРј-РЅРѕСЃРёС‚РµР»РµРј СЏРїРѕРЅСЃРєРѕРіРѕ СЏР·С‹РєР°; РЈСЃР»СѓРіРё С€РєРѕР»С‹\РЇРїРѕРЅСЃРєРёР№ СЏР·С‹Рє.jpg; 3000 СЃРµРє.;1100;25%
РЈСЂРѕРє РІ РіСЂСѓРїРїРµ С„СЂР°РЅС†СѓР·СЃРєРѕРіРѕ СЏР·С‹РєР° РґР»СЏ СЃС‚СѓРґРµРЅС‚РѕРІ; РЈСЃР»СѓРіРё С€РєРѕР»С‹\Р¤СЂР°РЅС†СѓР·СЃРєРёР№ СЏР·С‹Рє.jpg; 1800 СЃРµРє.; 1910 СЂСѓР±.; РЅРµС‚
РРЅС‚РµРЅСЃРёРІРЅС‹Р№ РєСѓСЂСЃ РёС‚Р°Р»СЊСЏРЅСЃРєРѕРіРѕ СЏР·С‹РєР° СЃ СЂСѓСЃСЃРєРѕСЏР·С‹С‡РЅС‹Рј РїСЂРµРїРѕРґР°РІР°С‚РµР»РµРј РґР»СЏ РєРѕРјРїР°РЅРёР№; РЈСЃР»СѓРіРё С€РєРѕР»С‹\for company.jpg; 110 РјРёРЅ.; 900в‚Ѕ; РЅРµС‚
Р—Р°РЅСЏС‚РёРµ СЃ СЂСѓСЃСЃРєРѕСЏР·С‹С‡РЅС‹Рј СЂРµРїРµС‚РёС‚РѕСЂРѕРј Р°РЅРіР»РёР№СЃРєРѕРіРѕ СЏР·С‹РєР°; РЈСЃР»СѓРіРё С€РєРѕР»С‹\РђРЅРіР»РёР№СЃРєРёР№ СЏР·С‹Рє.jpg; 90 РјРёРЅ.; 1950в‚Ѕ;15%
РРЅС‚РµРЅСЃРёРІРЅС‹Р№ РєСѓСЂСЃ СЃ РїСЂРµРїРѕРґР°РІР°С‚РµР»РµРј-РЅРѕСЃРёС‚РµР»РµРј РёСЃРїР°РЅСЃРєРѕРіРѕ СЏР·С‹РєР° РґР»СЏ РєРѕРјРїР°РЅРёР№; РЈСЃР»СѓРіРё С€РєРѕР»С‹\for company.jpg; 90 РјРёРЅ.; 1660в‚Ѕ; РЅРµС‚
РРЅС‚РµРЅСЃРёРІРЅС‹Р№ РєСѓСЂСЃ СЃ РїСЂРµРїРѕРґР°РІР°С‚РµР»РµРј-РЅРѕСЃРёС‚РµР»РµРј СЏРїРѕРЅСЃРєРѕРіРѕ СЏР·С‹РєР° РґР»СЏ РєРѕРјРїР°РЅРёР№; РЈСЃР»СѓРіРё С€РєРѕР»С‹\for company.jpg; 4200 СЃРµРє.;1380;20%
